shake the audience,romantic,obscene,family/spiritual,sadness
0.001422475,0.001422475,0.001422475,0.001422475,0.036145049
0.000730994,0.000730994,0.04775665,0.000730994,0.000730994
0.001814882,0.001814882,0.001814882,0.001814882,0.317712887
0.000604961,0.059734127,0.366353253,0.000604961,0.036609065
0.015941219,0.000773994,0.360738057,0.000773994,0.000773994
0.000773994,0.014132066,0.572230669,0.021915879,0.000773994
0.000506073,0.023229832,0.490242609,0.000506073,0.000506073
0.00044603,0.030068351,0.389491853,0.00044603,0.012249103
0.042140557,0.00074129,0.459380531,0.00074129,0.039326754
0.000711238,0.000711238,0.321958168,0.045396098,0.000711238
0.000598086,0.000598086,0.389648661,0.087770435,0.000598086
0.000572082,0.019524766,0.606966779,0.026356912,0.067653734
0.000711238,0.544479545,0.000711238,0.000711238,0.065978858
0.00228833,0.00228833,0.00228833,0.00228833,0.177457484
0.017967725,0.000892061,0.000892061,0.000892061,0.000892061
0.000797448,0.000797448,0.000797448,0.074552289,0.09245588
0.000956938,0.000956938,0.000956938,0.213772185,0.112311559
0.001461988,0.001461988,0.001461988,0.001461988,0.001461988
0.000862813,0.000862813,0.000862813,0.099047214,0.000862813
0.001315789,0.067288223,0.00131579,0.001315789,0.366920748
0.118918263,0.000907441,0.000907441,0.000907441,0.000907441
0.001879699,0.001879699,0.071681841,0.001879699,0.001879699
0.001594896,0.001594896,0.001594896,0.054559443,0.04322044
0.002770083,0.120459244,0.002770083,0.002770083,0.002770083
0.002392344,0.002392345,0.002392345,0.057146012,0.002392345
0.000591366,0.000591366,0.000591366,0.165858087,0.038500111
0.003508772,0.132074539,0.003508772,0.003508772,0.073726241
0.001012146,0.001012146,0.001012146,0.032529205,0.001012146
0.03677784,0.143786423,0.000619195,0.000619195,0.326541818
0.141340141,0.043826159,0.001012146,0.001012146,0.480255456
0.049154127,0.356038055,0.325161078,0.032688196,0.001119821
0.137083759,0.02655702,0.001349528,0.001349528,0.001349528
0.066461805,0.262225203,0.001096491,0.001096491,0.480211714
0.043719673,0.131852723,0.001096491,0.001096491,0.30131664
0.001169591,0.099165997,0.001169591,0.001169591,0.208206783
0.000809717,0.065632828,0.000809717,0.018142621,0.384255123
0.001283697,0.388986944,0.072185597,0.001283697,0.001283697
0.024284955,0.149886006,0.001169591,0.001169591,0.001169591
0.00122399,0.268288412,0.00122399,0.00122399,0.179215802
0.094612763,0.321814015,0.045790898,0.00093985,0.00093985
0.033470062,0.000797448,0.000797448,0.044737113,0.381970728
0.001754386,0.001754386,0.001754386,0.001754386,0.541770572
0.001052632,0.030307639,0.367382834,0.001052632,0.022492209
0.001012146,0.001012146,0.105432548,0.001012146,0.001012146
0.000822368,0.000822368,0.199993885,0.039757615,0.000822368
0.002392345,0.37535416,0.002392345,0.002392345,0.188165794
0.001315789,0.155138195,0.00131579,0.001315789,0.122271069
0.013567543,0.072437806,0.000674764,0.015838381,0.000674764
0.001879699,0.001879699,0.001879699,0.001879699,0.001879699
0.001119821,0.001119821,0.001119821,0.024709626,0.779801856
0.001385042,0.44516989,0.001385042,0.001385042,0.107916482
0.00074129,0.00074129,0.00074129,0.081301889,0.068947228
0.002024292,0.002024292,0.002024292,0.002024292,0.440511769
0.018484283,0.000923361,0.000923361,0.000923361,0.036419655
0.001814882,0.337417505,0.001814882,0.001814882,0.001814882
0.001144165,0.023507472,0.001144165,0.001144165,0.610514941
0.001547988,0.001547988,0.001547988,0.001547988,0.109140092
0.001349528,0.001349528,0.001349528,0.001349528,0.001349528
0.001253133,0.001253133,0.001253133,0.001253133,0.001253133
0.001594897,0.001594897,0.001594896,0.075972118,0.001594896
0.002392345,0.071604576,0.002392345,0.180122196,0.362340776
0.001253133,0.001253133,0.001253133,0.001253133,0.189706037
0.000892061,0.000892061,0.000892061,0.060349846,0.000892061
0.00228833,0.00228833,0.00228833,0.00228833,0.13748399
0.001283697,0.382561639,0.001283697,0.001283697,0.001283697
0.001814882,0.001814882,0.001814882,0.001814882,0.423722222
0.001315789,0.00131579,0.00131579,0.135773297,0.00131579
0.001644737,0.203027454,0.001644737,0.001644737,0.001644737
0.001052632,0.001052632,0.58559504,0.001052632,0.050762501
0.001315789,0.243626998,0.00131579,0.001315789,0.085558707
0.000730994,0.000730994,0.372095043,0.000730994,0.000730994
0.001052632,0.508985401,0.001052632,0.001052632,0.001052632
0.000956938,0.064762625,0.411342982,0.000956938,0.124937494
0.001814882,0.265654051,0.001814882,0.001814882,0.122390785
0.002024291,0.002024292,0.002024292,0.002024292,0.543472113
0.000877193,0.045458141,0.068558214,0.092191138,0.318530052
0.018668802,0.000773994,0.000773994,0.070144954,0.425531158
0.000797448,0.000797448,0.37946879,0.000797448,0.000797448
0.000674764,0.000674764,0.04748959,0.000674764,0.359303721
0.002105263,0.119370208,0.002105263,0.002105263,0.002105263
0.00228833,0.00228833,0.00228833,0.00228833,0.142886579
0.00093985,0.00093985,0.00093985,0.062521476,0.22351419
0.000892061,0.000892061,0.496012475,0.068158574,0.000892061
0.001031992,0.001031992,0.001031992,0.001031992,0.485511963
0.00122399,0.032874029,0.00122399,0.033148959,0.045565142
0.00122399,0.047329774,0.00122399,0.001223991,0.00122399
0.025380396,0.054302171,0.000649773,0.000649773,0.53103529
0.002923977,0.132502178,0.002923977,0.002923977,0.002923977
0.001385042,0.065919594,0.001385042,0.001385042,0.001385042
0.000809717,0.484220176,0.000809717,0.000809717,0.136036593
0.001119821,0.001119821,0.135102907,0.001119821,0.001119821
0.014419611,0.053803989,0.000720981,0.092547361,0.32999195
0.025073645,0.156072009,0.072540344,0.001144165,0.001144165
0.01327585,0.000604961,0.237378883,0.000604961,0.055613326
0.000892061,0.036581598,0.000892061,0.000892061,0.000892061
0.003289474,0.003289474,0.21804874,0.003289474,0.314555266
0.001754386,0.001754386,0.001754386,0.001754386,0.099322373
0.001594896,0.448003958,0.001594896,0.001594896,0.001594896
0.000835422,0.023743741,0.000835422,0.000835422,0.043494467
0.000956938,0.000956938,0.000956938,0.000956938,0.2487651
0.024614105,0.055266112,0.00122399,0.00122399,0.151072749
0.015853571,0.00075188,0.306947822,0.00075188,0.00075188
0.000666223,0.000666223,0.196886242,0.000666223,0.026478663
0.000626566,0.000626566,0.848338461,0.000626566,0.000626566
0.003289474,0.003289474,0.003289474,0.003289474,0.003289474
0.002631579,0.002631579,0.358880778,0.002631579,0.072748138
0,0.044718078,0.322253423,0.06483426,0.000907441
0.001169591,0.001169591,0.001169591,0.001169591,0.001169591
0.001697793,0.068883207,0.114201684,0.001697793,0.001697793
0.003759398,0.003759399,0.003759399,0.003759399,0.495785928
0.022396417,0.001119821,0.001119821,0.02458394,0.053209924
0.001031992,0.023110003,0.001031992,0.065074124,0.001031992
0.000923361,0.000923361,0.000923361,0.000923361,0.000923361
0.003095975,0.003095975,0.003095975,0.211361736,0.003095975
0.001754386,0.001754386,0.001754386,0.156212787,0.001754386
0.002392345,0.682285663,0.002392345,0.169973685,0.064008593
0.001949318,0.001949318,0.001949318,0.069744539,0.001949318
0.002923977,0.002923977,0.002923977,0.193083871,0.002923977
0.002105263,0.002105263,0.002105263,0.048125117,0.002105263
0.003508772,0.077425795,0.003508772,0.003508772,0.003508772
0.000907441,0.000907441,0.000907441,0.000907441,0.432019327
0.000785546,0.000785546,0.000785546,0.039901191,0.053447334
0.000974659,0.000974659,0.000974659,0.000974659,0.035328388
0.12576898,0.038134715,0.119944112,0.026125358,0.308461582
0.03129128,0.001547988,0.001547988,0.111864053,0.001547988
0.001096491,0.435728509,0.001096491,0.123530775,0.001096491
0.001119821,0.001119821,0.001119821,0.001119821,0.115503057
0.058534975,0.001547988,0.001547988,0.060820513,0.001547988
0.00074129,0.00074129,0.00074129,0.015298712,0.026145447
0.002024292,0.002024292,0.387167164,0.002024291,0.002024292
0.000809717,0.357347443,0.045849411,0.032183604,0.147508008
0.000974659,0.060095444,0.095697115,0.000974659,0.000974659
0.07168896,0.001196172,0.001196172,0.025954505,0.001196172
0.146632539,0.000848896,0.334461088,0.000848896,0.000848896
0.148866246,0.001119821,0.001119821,0.078393322,0.19716652
0.003508772,0.003508772,0.098840096,0.003508772,0.678770236
0.001503759,0.001503759,0.001503759,0.089761236,0.00150376
0.004048583,0.004048583,0.004048583,0.004048583,0.004048583
0.001594896,0.001594896,0.001594896,0.170887347,0.350192642
0.057656158,0.001754386,0.001754386,0.001754386,0.432199087
0.001012146,0.001012146,0.001012146,0.001012146,0.076558395
0.000974659,0.000974659,0.000974659,0.000974659,0.034814046
0.000892061,0.000892061,0.000892061,0.000892061,0.000892061
0.000993049,0.111113601,0.000993049,0.000993049,0.000993049
0.001196172,0.001196172,0.029076539,0.001196172,0.001196172
0.00122399,0.00122399,0.00122399,0.269348175,0.00122399
0.131242604,0.000822368,0.500278374,0.000822368,0.000822368
0.000611995,0.000611995,0.49284385,0.014660756,0.000611995
0.081664439,0.015797413,0.625320646,0.000641849,0.000641849
0.000720981,0.000720981,0.000720981,0.022452165,0.000720981
0.014028925,0.000674764,0.744673902,0.016467765,0.000674764
0.132735089,0.001349528,0.001349528,0.03524741,0.378276933
0.000993049,0.064396613,0.328817285,0.000993049,0.000993049
0.001315789,0.175354551,0.00131579,0.00131579,0.439513415
0.002192982,0.055924504,0.223055715,0.066851579,0.002192983
0.002105263,0.350625862,0.002105263,0.002105263,0.002105263
0.000491884,0.000491884,0.000491884,0.084873591,0.329567855
0.095405761,0.001422475,0.001422475,0.072788263,0.001422475
0.001697793,0.001697793,0.068390749,0.001697793,0.421756824
0.013623241,0,0.080210675,0.000666223,0.475096129
0.001697793,0.001697793,0.001697793,0.001697793,0.001697793
0.002631579,0.002631579,0.002631579,0.002631579,0.11467241
0.001253133,0.001253133,0.001253133,0.173931796,0.001253133
0.013891947,0.000692521,0.395274451,0.000692521,0.099924649
0.033533689,0.001644737,0.476571519,0.001644737,0.001644737
0.118553862,0.02176053,0.309830527,0.000993049,0.000993049
0.000720981,0.309865925,0.000720981,0.000720981,0.000720981
0.044606944,0.001814882,0.001814882,0.001814882,0.001814882
0.002192982,0.368311436,0.002192982,0.002192982,0.21590705
0.000611995,0.000611995,0.094393549,0.087270692,0.000611995
0.053525187,0.141584006,0.001283697,0.030392822,0.001283697
0.021508859,0.001074114,0.308744895,0.001074114,0.001074114
0.045783348,0.001169591,0.771876125,0.001169591,0.001169591
0.001422475,0.001422475,0.132091836,0.178754538,0.001422475
0.00122399,0.00122399,0.00122399,0.166667873,0.098414077
0.000526316,0.000526316,0.000526316,0.000526316,0.000526316
0.099988142,0.000762777,0.059998098,0.115157007,0.000762777
0.001031992,0.001031992,0.665299103,0.001031992,0.001031992
0.001012146,0.001012146,0.327713425,0.031604782,0.001012146
0.090388276,0.001031992,0.326670109,0.061444353,0.001031992
0.002770083,0.002770083,0.002770083,0.056981349,0.180201804
0.000478469,0.010324866,0.460634101,0.018409276,0.000478469
0.000822368,0.056926542,0.410937258,0.037310071,0.000822369
0.000434972,0.000434972,0.000434972,0.000434972,0.086454875
0.000674764,0.000674764,0.307579091,0.061995034,0.000674764
0.000657895,0.1312992,0.173864335,0.000657895,0.156742365
0.017306991,0.000797448,0.046752799,0.000797448,0.000797448
0.000537057,0.093181314,0.000537057,0.000537057,0.000537057
0.001096491,0.001096491,0.001096491,0.18399428,0.001096491
0.050138158,0.002506266,0.002506266,0.002506266,0.002506266
0.002192982,0.002192982,0.002192983,0.002192982,0.22435381
0.001594897,0.001594896,0.001594896,0.001594896,0.42674703
0.002631579,0.002631579,0.002631579,0.002631579,0.524710487
0.000657895,0.000657895,0.000657895,0.000657895,0.539333224
0.000389864,0.000389864,0.000389864,0.062594477,0.058569689
0.001594896,0.060752418,0.001594896,0.001594896,0.001594896
0.02766908,0.000657895,0.3790916,0.000657895,0.327943597
0.000848896,0.000848896,0.463300344,0.035230367,0.000848896
0.036568055,0.000449843,0.000449843,0.000449843,0.390140775
0.001283697,0.001283697,0.001283697,0.001283697,0.391135653
0.010289176,0.000487329,0.15174858,0.04663589,0.077159056
0.120387799,0.028758117,0.000626566,0.000626566,0.000626567
0.000641849,0.000641849,0.000641849,0.000641849,0.345267765
0.002770083,0.002770083,0.002770083,0.002770083,0.002770083
0.056515455,0.056999791,0.00093985,0.00093985,0.40800421
0.001283697,0.001283697,0,0.001283697,0.001283697
0.001096491,0.001096491,0.001096491,0.022060359,0.001096491
0.181306862,0.000584795,0.000584795,0.022918821,0.000584795
0.000773994,0.000773994,0.000773994,0.016597468,0.090089542
0.006578947,0.147141064,0.144234205,0.006578947,0.006578948
0.000578369,0.000578369,0.000578369,0.000578369,0.158333001
0.001461988,0.221550538,0.001461988,0.001461988,0.001461988
0.210383591,0.003508772,0.003508772,0.003508772,0.003508772
0.001144165,0.205050408,0.001144165,0.001144165,0.001144165
0.001461988,0.001461988,0.001461988,0.001461988,0.001461988
0.013157895,0.013157895,0.013157895,0.013157895,0.013157895
0.001697793,0.001697793,0.45820428,0.001697793,0.001697793
0.000773994,0.027833912,0.000773994,0.000773994,0.19474579
0.044331419,0.001644737,0.001644737,0.001644737,0.499896781
0.000565931,0.000565931,0.000565931,0.000565931,0.000565931
0.055198916,0.000431406,0.000431406,0.024174089,0.444542757
0.002192982,0.100838787,0.002192983,0.071004479,0.002192983
0.075519613,0.034464653,0.000848896,0.000848896,0.000848896
0.100106502,0.080350242,0.001814882,0.079394392,0.001814882
0.001754386,0.048519455,0.001754386,0.040862566,0.001754386
0.001315789,0.052682123,0.00131579,0.001315789,0.115404981
0.022936582,0.001144165,0.321345513,0.483902811,0.001144165
0.001644737,0.001644737,0.423234969,0.001644737,0.221251586
0.001949318,0.170850748,0.001949318,0.001949318,0.001949318
0.03005162,0.056594694,0.00075188,0.03655066,0.00075188
0.005847953,0.005847953,0.005847953,0.005847953,0.005847953
0.000822368,0.000822368,0.000822368,0.000822369,0.203361501
0.002105263,0.002105263,0.002105263,0.044366434,0.002105263
0.000974659,0.124927809,0.000974659,0.054193459,0.000974659
0.020874416,0.026323494,0.000572082,0.000572082,0.000572082
0.061619261,0.001422475,0.001422475,0.031564084,0.001422475
0.000604961,0.000604961,0.000604961,0.000604961,0.000604961
0.002770083,0.002770083,0.002770083,0.060837845,0.208701018
0.063798069,0.000835422,0.000835422,0.000835422,0.650909874
0.000848896,0.000848896,0.000848896,0.000848896,0.000848896
0.00228833,0.00228833,0.00228833,0.00228833,0.092799821
0.003095975,0.003095975,0.003095975,0.003095975,0.003095975
0.001119821,0.001119821,0.001119821,0.02280193,0.595209469
0.028737881,0.001422475,0.147447769,0.001422475,0.001422475
0.000923361,0.030131038,0.160410395,0.000923361,0.000923361
0.002392344,0.041560798,0.002392345,0.002392345,0.159872819
0.001144165,0.001144165,0.102468188,0.001144165,0.110604994
0.138071198,0.001697793,0.108534748,0.001697793,0.215944331
0.019978948,0.000862813,0.000862813,0.022133873,0.000862813
0.000683527,0.061996093,0.355594093,0.000683527,0.000683527
0.092614504,0.001052632,0.001052632,0.021210209,0.025394896
0.064022166,0.000974659,0.000974659,0.125679699,0.000974659
0.009890893,0.000491884,0.000491884,0.000491884,0.000491884
0.000956938,0.063611907,0.149829422,0.000956938,0.000956938
0.068430462,0.00122399,0.356328374,0.053631746,0.00122399
0.070222683,0.073680275,0.001754386,0.001754386,0.001754386
0.017843582,0.000892061,0.000892061,0.000892061,0.000892061
0.012623237,0.009924998,0.3308595,0.000449843,0.000449843
0.000923361,0.000923361,0.597890267,0.043910424,0.000923361
0.000501253,0.000501253,0.3055823,0.11062341,0.033204986
0.000923361,0.000923361,0.134443272,0.044590801,0.000923361
0.000641849,0.000641849,0.000641849,0.000641849,0.000641849
0.001461988,0.001461988,0.001461988,0.036335322,0.001461988
0.001169591,0.001169591,0.001169591,0.001169591,0.001169591
0.001031992,0.001031992,0.379349849,0.001031992,0.001031992
0.034030245,0.350088011,0.001644737,0.001644737,0.001644737
0.000720981,0.018209104,0.000720981,0.000720981,0.079468022
0.000584795,0.000584795,0.000584795,0.000584795,0.000584795
0.100772896,0.001253133,0.099472297,0.001253133,0.001253133
0.042112086,0.002105264,0.002105263,0.052111438,0.002105263
0.000701754,0.000701754,0.057994485,0.000701754,0.000701754
0.001031992,0.001031992,0.381346053,0.001031992,0.108889725
0.001283697,0.084008088,0.001283697,0.001283697,0.189375093
0.022447969,0.000565931,0.238472049,0.000565931,0.308449564
0.034568258,0.060840546,0.051310611,0.089513486,0.00150376
0.024810254,0.000809717,0.102185768,0.024176081,0.33809436
0.000797448,0.000797448,0.000797448,0.072245712,0.000797448
0.000591366,0.032654487,0.000591366,0.000591366,0.000591366
0.059363516,0.000491884,0.014709754,0.000491884,0.059930124
0.000762777,0.000762777,0.133312992,0.000762777,0.390512219
0.000604961,0.000604961,0.000604961,0.013934436,0.060188465
0.001074114,0.001074114,0.118442145,0.194061969,0.001074114
0.000848896,0.000848896,0.172122629,0.000848896,0.000848896
0.001196172,0.001196172,0.001196172,0,0.001196172
0.017603879,0.084386174,0.108907567,0.000862813,0.000862813
0.001949318,0.051389713,0.001949318,0.001949318,0.001949318
0.001012146,0.184804628,0.001012146,0.001012146,0.001012146
0.000584795,0.015692524,0.032452594,0.000584795,0.129255388
0.001169591,0.001169591,0.001169591,0.001169591,0.190619278
0.002770083,0.002770083,0.143617485,0.218008352,0.002770083
0.000974659,0,0.000974659,0.000974659,0.073662077
0.00122399,0.00122399,0.00122399,0.00122399,0.00122399
0.051751778,0.030183038,0.00131579,0.001315789,0.00131579
0.004048583,0.004048583,0.095975787,0.004048583,0.004048583
0.001949318,0.001949318,0.001949318,0.001949318,0.205139034
0.001461988,0.001461988,0.001461988,0.001461988,0.555666128
0.101205959,0.001697793,0.459039608,0.001697793,0.118134509
0.12664512,0.000785546,0.000785546,0.000785546,0.319152827
0.002024292,0.100310144,0.002024292,0.002024292,0.002024292
0.170875963,0.002923977,0.002923977,0.002923977,0.002923977
0.001814882,0.001814882,0.001814882,0.106597284,0.001814882
0.001253133,0.001253133,0.001253133,0.001253133,0.001253133
0.038633734,0.000501253,0.07281583,0.000501253,0.393761972
0.036175204,0.001644737,0.001644737,0.001644737,0.312616787
0.020302335,0.001012146,0.001012146,0.001012146,0.001012146
0.105277683,0.001814882,0.001814882,0.113844121,0.387713071
0.11930288,0.001547988,0.001547988,0.001547988,0.59102061
0.005263158,0.005263158,0.005263158,0.005263158,0.005263158
0.002024292,0.002024292,0.002024292,0.002024292,0.440262978
0.023007638,0.001074114,0.001074114,0.001074114,0.32874639
0.013306138,0.000634115,0.000634115,0.026544447,0.000634115
0.001096491,0.001096491,0.122935397,0.082782874,0.001096491
0.038986355,0.097460983,0.060146171,0.129785616,0.143283363
0.001012146,0.001012146,0.049098782,0.039472944,0.343669149
0.083166152,0.000848896,0.000848896,0.017580048,0.000848896
0.001814882,0.001814882,0.001814882,0.001814882,0.081581548
0.003095975,0.064802547,0.003095975,0.003095975,0.003095975
0.095213738,0.000773994,0.163602538,0.000773994,0.108755046
0.001594896,0.001594896,0.001594896,0.032016335,0.001594896
0.002192982,0.002192982,0.002192983,0.079412469,0.345562542
0.181169753,0.203450274,0.028421626,0.001503759,0.33678123
0.03801374,0.000537057,0.000537057,0.000537057,0.119936126
0.032105933,0.00075188,0.042802681,0.00075188,0.034400847
0.174779018,0.031601572,0.094392302,0.00074129,0.417073692
0.00122399,0.00122399,0.00122399,0.108232508,0.226664088
0.000862813,0.142566629,0.000862813,0.000862813,0.000862813
0.001253133,0.13645132,0.001253133,0.052617708,0.090641574
0.001879699,0.203636465,0.001879699,0.001879699,0.165965406
0.001253133,0.460959133,0.001253133,0.001253133,0.081507385
0.001283697,0,0.001283697,0.001283697,0.153370028
0.001879699,0.001879699,0.001879699,0.001879699,0.224962353
0.033434422,0.001547988,0.001547988,0.001547988,0.001547988
0.001422475,0.001422475,0.001422475,0.001422475,0.001422475
0.001949318,0.001949318,0.001949318,0.001949318,0.001949318
0.003289474,0.115610728,0.003289474,0.1314181,0.100389013
0.001754386,0.001754386,0.001754386,0.001754386,0.319567636
0.002192982,0.002192983,0.002192983,0.071719989,0.002192983
0.000956938,0.000956938,0.000956938,0.000956938,0.000956938
0.003759398,0.218045113,0.003759399,0.208800521,0.317814958
0.003508772,0.003508772,0.003508772,0.003508772,0.517381664
0.001879699,0.0018797,0.001879699,0.047243148,0.001879699
0.001031992,0.140833491,0.001031992,0.133800423,0.001031992
0.003289474,0.003289474,0.003289474,0.170706198,0.003289474
0.001283697,0.001283697,0.189151316,0.001283697,0.001283697
0.001697793,0.001697793,0.001697793,0.001697793,0.001697793
0.007518797,0.864661651,0.007518797,0.007518797,0.007518797
0.002105263,0.002105263,0.312149059,0.002105263,0.178897577
0.004048583,0.004048583,0.1006538,0.004048583,0.004048583
0.001253133,0.001253133,0.001253133,0.001253133,0.057653148
0.001594896,0.001594896,0.001594896,0.001594896,0.337008171
0.002770083,0.002770083,0.002770083,0.002770083,0.002770083
0.000565931,0.000565931,0.073477687,0.000565931,0.520991212
0.001031992,0.001031992,0.001031992,0.001031992,0.415525915
0.002192982,0.002192982,0.002192983,0.002192982,0.456370887
0.004385965,0.004385965,0.004385965,0.004385965,0.004385965
0.000835422,0.04407789,0.000835422,0.000835422,0.287197195
0.002923977,0.002923977,0.002923977,0.002923977,0.002923977
0.029178047,0.312997161,0.046259075,0.000720981,0.000720981
0.000692521,0.000692521,0.000692521,0.12023595,0.368971962
0.001119821,0.001119821,0.001119821,0.001119821,0.284418135
0.025498235,0.001196172,0.109465703,0.001196172,0.072870323
0.04818632,0.000907441,0.000907441,0.000907441,0.067381808
0.000521105,0.000521105,0.208969723,0.000521105,0.000521105
0.025992038,0.001461988,0.042463096,0.001461989,0.065074943
0.001283697,0.001283697,0.001283697,0.062591192,0.490043241
0.000619195,0.000619195,0.000619195,0.025813055,0.084269463
0.000974659,0.000974659,0.534126711,0.000974659,0.171918508
0.001119821,0.125215251,0.001119821,0.001119821,0.296812966
0.002770083,0.220097722,0.399703873,0.002770083,0.002770083
0.005263158,0.005263158,0.005263158,0.005263158,0.005263158
0.054537012,0.000634115,0.493254559,0.020926801,0.000634115
0.000395726,0.000395726,0.057386953,0.011955595,0.073597164
0.001385042,0.001385042,0.207742941,0.001385042,0.001385042
0.037593985,0.001879699,0.001879699,0.132605203,0.223073913
0.000809717,0.000809717,0.000809717,0.10711188,0.268179691
0.000449843,0.05838119,0.000449843,0.000449843,0.322618403
0.001031992,0.001031992,0.001031992,0.001031992,0.001031992
0.001096491,0.081658596,0.327856278,0.001096491,0.124921234
0.002506266,0.002506266,0.002506266,0.002506266,0.17349117
0.000892061,0.000892061,0.000892061,0.000892061,0.656596853
0.00122399,0.00122399,0.00122399,0.00122399,0.470682244
0.002923977,0.002923977,0.002923977,0.002923977,0.324562483
0.09046422,0.001119821,0.001119821,0.001119821,0.236561776
0.001012146,0.001012146,0.001012146,0.001012146,0.60428126
0.002770083,0.002770083,0.002770083,0.002770083,0.119065117
0.002923977,0.114084072,0.002923977,0.002923977,0.002923977
0.012053613,0.032290239,0.806113365,0.024930742,0.000474158
0.000442282,0.025753625,0.000442282,0.033554164,0.000442282
0.000993049,0.000993049,0.000993049,0.000993049,0.16204986
0.06432783,0.000542594,0.065217433,0.000542594,0.000542594
0.001949318,0.4116953,0.001949318,0.001949318,0.137381455
0.051430093,0.000501253,0.000501253,0.000501253,0.000501253
0.083632936,0.000666223,0.000666223,0.000666223,0.000666223
0.257110152,0.14386315,0.019127457,0.000809717,0.000809717
0.001385042,0.029882293,0.11372631,0.001385042,0.001385042
0.001461988,0.001461988,0.001461988,0.02950651,0.001461989
0.001349528,0.001349528,0.001349528,0.001349528,0.327630088
0.020010994,0.000956938,0.654830915,0.000956938,0.000956938
0.143829442,0.000923361,0.000923361,0.000923361,0.048946143
0.020903067,0.000666223,0.336017823,0.038020281,0.039756815
0.066112698,0.002192983,0.002192982,0.002192982,0.344997334
0.003759399,0.003759399,0.003759399,0.003759399,0.003759399
0.007518797,0.578947363,0.007518797,0.007518797,0.007518797
0.00228833,0.00228833,0.00228833,0.00228833,0.226873908
0.000956938,0.041296192,0.000956938,0.090118637,0.362185662
0.00228833,0.634998363,0.00228833,0.00228833,0.00228833
0.055046543,0.001503759,0.001503759,0.001503759,0.150441329
0.001315789,0.00131579,0.001315789,0.001315789,0.37289963
0.001422475,0.031376974,0.001422475,0.001422475,0.375788779
0.003508772,0.003508772,0.003508772,0.003508772,0.125152375
0.003289474,0.003289474,0.003289474,0.074973337,0.003289474
0.002923977,0.114470296,0.002923977,0.002923977,0.002923977
0.019387534,0.000907441,0.000907441,0.076869731,0.000907441
0.000848896,0.052314796,0.000848896,0,0.518128509
0.000862813,0.14620062,0.000862813,0.000862813,0.000862813
0.003759398,0.003759398,0.003759399,0.061754092,0.141278368
0.080981441,0.004048583,0.004048583,0.004048583,0.004048583
0.094126877,0.002770083,0,0.002770083,0.594670985
0.003095975,0.003095975,0.003095975,0.132645591,0.003095975
0.002105263,0.002105263,0.002105263,0.192988033,0.444114963
0.00228833,0.00228833,0.00228833,0.00228833,0.108317755
0.002631579,0.111304313,0.002631579,0.002631579,0.002631579
0.001814882,0.001814882,0.001814882,0.001814882,0.001814882
0.01233504,0.000482859,0.000482859,0.000482859,0.000482859
0.001052632,0.040218473,0.257221625,0.001052632,0.293900274
0.001594896,0.001594896,0.273226463,0.001594896,0.553821957
0.001283697,0.34796956,0.001283697,0.029959609,0.130221007
0.001074114,0.001074114,0.001074114,0.060264306,0.188855383
0.000521105,0.024244364,0.718778823,0.000521105,0.045623002
0.001169591,0.001169591,0.001169591,0.001169591,0.343523005
0.001169591,0.001169591,0.001169591,0.001169591,0.001169591
0.003508776,0.003508772,0.003508772,0.003508772,0.003508772
0.002506266,0.002506266,0.002506266,0.002506266,0.353502232
0.000974659,0.000974659,0.36789183,0.000974659,0.000974659
0.001949318,0.098753185,0.001949318,0.001949318,0.314019344
0.02527827,0.06284492,0.061322641,0.000974659,0.568393589
0.001169591,0.112370312,0.001169591,0.001169591,0.517221398
0.000993049,0.08446758,0.519845007,0.000993049,0.000993049
0.00228833,0.059675031,0.00228833,0.00228833,0.00228833
0.001422475,0.001422475,0.001422475,0.001422475,0.001422475
0.391548684,0.002192983,0.002192983,0.002192983,0.002192983
0.001052632,0.001052632,0.001052632,0.001052632,0.049394526
0.005847953,0.326811457,0.005847953,0.121740326,0.345649972
0.002105263,0.110723769,0.062295801,0.002105263,0.002105263
0.003289474,0.078370443,0.003289474,0.003289474,0.865708503
0.001422475,0.001422475,0.001422475,0.123793935,0.001422475
0.049626834,0.001169591,0.001169591,0.001169591,0.394120672
0.119460023,0.002024292,0.002024292,0.002024292,0.490242379
0.002024292,0.046122403,0.002024292,0.002024292,0.176175991
0.002631579,0.002631579,0.002631579,0.002631579,0.526321486
0.373015597,0.000683527,0.000683527,0.000683527,0.000683527
0.003508772,0.003508772,0.003508772,0.003508772,0.003508772
0.113037744,0.029605339,0.001461988,0.001461988,0.001461988
0.198509825,0.000862813,0.000862813,0.000862813,0.000862813
0.001754386,0.042200475,0.001754386,0.001754386,0.271275232
0.000848896,0.000848896,0.000848896,0.000848896,0.000848896
0.001096491,0.001096491,0.001096491,0.001096491,0.001096491
0.001144165,0.001144165,0.001144165,0.001144165,0.001144165
0.001547988,0.001547988,0.001547988,0.001547988,0.001547988
0.000730994,0.045309294,0.0546302,0.021711978,0.205389391
0.001031992,0.001031992,0.001031992,0.001031992,0.001031992
0.16546655,0.341747713,0.001169591,0.077666468,0.001169591
0.001644737,0.05095337,0.344154535,0.001644737,0.001644737
0.001503759,0.001503759,0.001503759,0.001503759,0.187739502
0.000649773,0.000649773,0.064209329,0.000649773,0.000649773
0.00877193,0.00877193,0.00877193,0.00877193,0.00877193
0.001169591,0.001169591,0.426672238,0.031563109,0.001169591
0.001879699,0.001879699,0.001879699,0.065367254,0.001879699
0.002923977,0.002923977,0.002923977,0.002923977,0.211937251
0.110910118,0.000526316,0.000526316,0.060538785,0.000526316
0.000862813,0.000862813,0.035243347,0.020559562,0.476033097
0.071971867,0.001422475,0.001422475,0.11945865,0.153695882
0.032258535,0.001754386,0.001754386,0.001754386,0.133271543
0.046129771,0.002392345,0.002392345,0.070514888,0.002392345
0.001461988,0.001461988,0.001461988,0.001461988,0.001461988
0.001096491,0.001096491,0.032746327,0.001096491,0.001096491
0.001119821,0.001119821,0.001119821,0.001119821,0.001119821
0.039962485,0.001949318,0.001949318,0.001949318,0.001949318
0.00228833,0.00228833,0.365928511,0.00228833,0.00228833
0.001096491,0.001096491,0.069904726,0.085159439,0.001096491
0.001196172,0.001196172,0.001196172,0.057188695,0.419574062
0.001697793,0.121841549,0.001697793,0.001697793,0.47053487
0.074762886,0.001196172,0.036982086,0.001196172,0.869116271
0.025594455,0.047980342,0.001144165,0.001144165,0.630054525
0.001879699,0.667541323,0.001879699,0.001879699,0.110545074
0.070244413,0.000657895,0.607820117,0.000657895,0.000657895
0.093961208,0.2028011,0.000822368,0.000822368,0.333525422
0.00228833,0.00228833,0.00228833,0.00228833,0.00228833
0.228655104,0.218615721,0.000711238,0.000711238,0.302211371
0.001594896,0.001594896,0.154393139,0.001594896,0.001594896
0.000626566,0,0.314013928,0.000626566,0.000626566
0.001119821,0.024851668,0.001119821,0.001119821,0.401424133
0.001422475,0.001422475,0.001422475,0.001422475,0.75915561
0.001547988,0.001547988,0.001547988,0.001547988,0.396735058
0.000674764,0.000674764,0.000674764,0.288150413,0.48925038
0.000501253,0.137829827,0.000501253,0.000501253,0.133297293
0.002105263,0.130773209,0.002105263,0.002105263,0.06436347
0.002506266,0.002506266,0.002506266,0.002506266,0.57090887
0.002631579,0.002631579,0.002631579,0.002631579,0.093781572
0.00122399,0.00122399,0.00122399,0.001223991,0.00122399
0.159007775,0.0522842,0.000862813,0.000862813,0.000862813
0.023391813,0.001169591,0.001169591,0.001169591,0.313633476
0.001052632,0.117948072,0.001052632,0.001052632,0.256576823
0.000907441,0.000907441,0.000907441,0.000907441,0.322729385
0.001547988,0.068459943,0.001547988,0.001547988,0.001547988
0.001315789,0.001315789,0.001315789,0.054738557,0.191314467
0.046549827,0.047694523,0.00228833,0.00228833,0.00228833
0.13230685,0.001547988,0.001547988,0.001547988,0.001547988
0.003095975,0.003095976,0.003095975,0.112679393,0.003095975
0.148976983,0.001547988,0.001547988,0.001547988,0.424109876
0.000449843,0.033560171,0.000449843,0.000449843,0.054211873
0.001949318,0.001949318,0.001949318,0.001949318,0.001949318
0.002631579,0.002631579,0.002631579,0.104269305,0.059179109
0.00877193,0.00877193,0.00877193,0.00877193,0.00877193
0.100503646,0.001144165,0.235578013,0.001144165,0.001144165
0.001283697,0.001283697,0.001283697,0.001283697,0.41447895
0.040009876,0.063436748,0.435833384,0.001461988,0.001461988
0.007518797,0.007518797,0.007518797,0.007518797,0.007518797
0.157699464,0.408175464,0.039055706,0.000531632,0.000531632
0.00228833,0.521305235,0.00228833,0.089244851,0.08617993
0.001074114,0.001074114,0.001074114,0.102395565,0.206414914
0.001879699,0.001879699,0.001879699,0.001879699,0.41837223
0.000993049,0.000993049,0.000993049,0.000993049,0.000993049
0.001461988,0.001461988,0.001461988,0.001461988,0.151086759
0.001814882,0.137153561,0.001814882,0.001814882,0.150576142
0.000797448,0.000797448,0.000797448,0.000797448,0.12331009
0.002392345,0.002392345,0.002392345,0.002392345,0.677874262
0.001461988,0.001461988,0.001461988,0.001461988,0.035564345
0.001031992,0.022053021,0.473344573,0.001031992,0.001031992
0.000848896,0.000848897,0.000848896,0.000848897,0.082502789
0.012472789,0.000619195,0.374483966,0.000619195,0.000619195
0.022777523,0.171260813,0.250279391,0.000554017,0.000554017
0.002923977,0.665806887,0.002923977,0.002923977,0.002923977
0.001814882,0.308887043,0.001814882,0.001814882,0.229220183
0.001503759,0.064983387,0.001503759,0.001503759,0.00150376
0.00093985,0.00093985,0.00093985,0.00093985,0.347522877
0.000923361,0.000923361,0.000923361,0.097292048,0.322296507
0.001503759,0.001503759,0,0.001503759,0.001503759
0.001697793,0.001697793,0.001697793,0.159713343,0.065004547
0.00122399,0.00122399,0.00122399,0.041512102,0.00122399
0.001949318,0.001949318,0.001949318,0.001949318,0.001949318
0.000848896,0.000848897,0.000848896,0.000848896,0.38097786
0.043412191,0.00122399,0.00122399,0.00122399,0.318215249
0.104847455,0.001385042,0.001385042,0.001385042,0.001385042
0.001052632,0.001052632,0.340203899,0.001052632,0.416030453
0.001422475,0.104606496,0.070040713,0.001422475,0.284508317
0.165140849,0.000649773,0.317913108,0.000649773,0.000649773
0.001096491,0.046795651,0.075544753,0.001096491,0.361574019
0.001169591,0.001169591,0.001169591,0.001169591,0.230669041
0.001253133,0.001253133,0.001253133,0.001253133,0.001253133
0.003508772,0.003508772,0.385841494,0.071386685,0.003508772
0.000785546,0.000785546,0.000785546,0.000785546,0.139336175
0.03225146,0.001503759,0.001503759,0.00150376,0.001503759
0.000848896,0.000848896,0.067990583,0.086496458,0.363096157
0.001074114,0.672704896,0.001074114,0.001074114,0.001074114
0.001879699,0.001879699,0.001879699,0.001879699,0.001879699
0.000626566,0.000626566,0.000626566,0.088208436,0.000626566
0.000626566,0.02783591,0.050119694,0.088466457,0.000626566
0.001012146,0.037759372,0.001012146,0.001012146,0.001012146
0.000835422,0.000835422,0.000835422,0.000835422,0.048687403
0.00122399,0.027607543,0.00122399,0.00122399,0.138817288
0.001031992,0.373955608,0.001031992,0.001031992,0.265224247
0.000848896,0.000848896,0.000848897,0.000848896,0.502246764
0.000822369,0.000822368,0.086839185,0.000822369,0.327227817
0.000711238,0.000711238,0.083024638,0.000711238,0.361923953
0.04871108,0.00131579,0.00131579,0.001315789,0.341576406
0.000862813,0.020521685,0.000862813,0,0.000862813
0,0.001031992,0.001031992,0.046969571,0.032684651
0.175626321,0.00131579,0.095132725,0.001315789,0.00131579
0.001119821,0.001119821,0.227668995,0.029417738,0.322987589
0.000611995,0.000611995,0.042980188,0.05461571,0.000611995
0.043115295,0.00075188,0.030571177,0.00075188,0.00075188
0.015282393,0.000692521,0.000692521,0.000692521,0.000692521
0,0.006578947,0.006578947,0.006578947,0.006578948
0.003508772,0.112367983,0.003508772,0.003508772,0.003508772
0.000720981,0.000720981,0.360808913,0.000720981,0.000720981
0.152542921,0.040516483,0.578770574,0.000313283,0.000313283
0.185731398,0.001031992,0.001031992,0.001031992,0.319138484
0.026158085,0.000515996,0.563776283,0.000515996,0.012207173
0.000461681,0.032332697,0.48944455,0.063144754,0.000461681
0.000641849,0.000641849,0.373676313,0.000641849,0.000641849
0.083231932,0.000565931,0.635586958,0.000565931,0.000565931
0.002631579,0.002631579,0.002631579,0.002631579,0.002631579
0.035112014,0.001644737,0.001644737,0.001644737,0.001644737
0.027404777,0.001349528,0.001349528,0.001349528,0.172055473
0.001754386,0.001754386,0.001754386,0.394819736,0.001754386
0.000720981,0.162730529,0.352805559,0.000720981,0.000720981
0.001422475,0.044506533,0.001422475,0.001422475,0.001422475
0.031763852,0.000584795,0.000584795,0.012295635,0.0153347
0.001697793,0.001697793,0.001697793,0.001697793,0.447423783
0.002506266,0.002506266,0.002506266,0.002506266,0.002506266
0.010526316,0.183124932,0.010526316,0.010526316,0.427243248
0.000762777,0.035549837,0.093680852,0.000762777,0.442335623
0.001052632,0.001052632,0.001052632,0.001052632,0.472065714
0.001814882,0.001814882,0.001814882,0.001814882,0.001814882
0.103513493,0.001283697,0.001283697,0.001283697,0.124119439
0.001754386,0.001754386,0.001754386,0.001754386,0.398151199
0.00055991,0.00055991,0.00055991,0.00055991,0.00055991
0.001594896,0.001594896,0.730123137,0.105227514,0.001594896
0.073482973,0.000720981,0.000720981,0.000720981,0.000720981
0.255309347,0.062901579,0.000822368,0.000822368,0.000822368
0.013869306,0.095358989,0.000692521,0.070147248,0.458385193
0.001503759,0.00150376,0.050320523,0.001503759,0.001503759
0.002392345,0.138910039,0.002392345,0.002392345,0.002392345
0.051075295,0.087137666,0.188904331,0.000923361,0.000923361
0.001119821,0.001119821,0.001119821,0.001119821,0.001119821
0.176823491,0.039440991,0.000598086,0.000598086,0.000598086
0.00122399,0.00122399,0.00122399,0.126466172,0.00122399
0.021506415,0.000720981,0.000720981,0.000720981,0.055334391
0.05268013,0.000554017,0.12067093,0.000554017,0.000554017
0.141218931,0.068916065,0.000666223,0.000666223,0.000666223
0.001253133,0.001253133,0.186240993,0.001253133,0.124235825
0.000809717,0.000809717,0.000809717,0.000809717,0.000809717
0.000692521,0.040807905,0.066257608,0.000692521,0.379724029
0.022177974,0.05646964,0.395735864,0.000835422,0.040459236
0.012305151,0.000572082,0.000572082,0.000572082,0.314724762
0.000773994,0.000773994,0.147792525,0.000773994,0.000773994
0.000720981,0.000720981,0.152048456,0.000720981,0.03079549
0.000923361,0.000923361,0.000923361,0.000923361,0.032993816
0.001644737,0.001644737,0.001644737,0.001644737,0.234289716
0.081505548,0.064832541,0.467662298,0.066086613,0.095378401
0.063259789,0,0.309381753,0.103210713,0.027261712
0.000496524,0.000496524,0.400544822,0.150873354,0.000496524
0.011367516,0.000521105,0.394673112,0.029144957,0.02137185
0.001461988,0.001461988,0.076620831,0.001461988,0.001461988
0.000720981,0.000720981,0.518989908,0.000720981,0.000720981
0.000537057,0.000537057,0.698469849,0.000537057,0.044519915
0.000626566,0.000626566,0.686797439,0.07277719,0.000626566
0.160262597,0.000501253,0.578793522,0.030062989,0.000501253
0.001196172,0.028879752,0.489852647,0.001196172,0.001196172
0.001052632,0.001052632,0.567193576,0.001052632,0.001052632
0.000822368,0.000822369,0.519115378,0.000822368,0.000822368
0.000923361,0.000923361,0.051446325,0.000923361,0.347137995
0.001253133,0.141654139,0.001253133,0.001253133,0.366798181
0.001422475,0.046159512,0.001422475,0.001422475,0.001422475
0.001169591,0.154281001,0.001169591,0.001169591,0.107775093
0.000785546,0.000785546,0.000785546,0.000785546,0.215051946
0.001052632,0.093638597,0.001052632,0.022246446,0.200115294
0.015999616,0.000785546,0.000785546,0.018681389,0.254703257
0.00075188,0.00075188,0.467254262,0.028150855,0.00075188
0.001283697,0.001283697,0.331662029,0.001283697,0.051033339
0.029093276,0.000626566,0.555360698,0.000626566,0.000626566
0.043765237,0.000598086,0.028205207,0.000598086,0.000598086
0.000923361,0.000923361,0.240830165,0.000923361,0.000923361
0.002392344,0.502392344,0.002392345,0.002392345,0.002392345
0.039090563,0.000453721,0.412128828,0.000453721,0.000453721
0.000785546,0.000785546,0.311976488,0.025942866,0.024426761
0.00093985,0.04952469,0.00093985,0.00093985,0.285795021
0.000634115,0.000634115,0.103003176,0.037737364,0.031183485
0.001697793,0.001697793,0.001697793,0.001697793,0.087184479
0.064413802,0.072893961,0.001697793,0.069068992,0.08728007
0.000591366,0.000591366,0.000591366,0.000591366,0.000591366
0.001315789,0.00131579,0.050870785,0.029486601,0.00131579
0.001754386,0.001754386,0.060081693,0.044596941,0.001754386
0.020292175,0.000907441,0.130542352,0.000907441,0.000907441
0.004385965,0.603129324,0.004385965,0.004385965,0.004385965
0.002105263,0.120195288,0.002105263,0.048932904,0.002105263
0.002506266,0.316349552,0.002506266,0.002506266,0.080952823
0.001949318,0.329451674,0.001949318,0.001949318,0.001949318
0.001697793,0.044506533,0.001422475,0.001422475,0.036391491
0.002506266,0.000584795,0.000584795,0.012295635,0.000584795
0.010526316,0.001697793,0.001697793,0.001697793,0.001697793
0.000762777,0.002506266,0.002506266,0.002506266,0.002506266
0.001052632,0.183124932,0.010526316,0.010526316,0.010526316
0.001814882,0.035549837,0.093680852,0.000762777,0.069486014
0.103513493,0.001052632,0.001052632,0.001052632,0.001052632
0.001754386,0.001814882,0.001814882,0.001814882,0.001814882
0.00055991,0.001283697,0.001283697,0.001283697,0.001283697
0.001594896,0.001754386,0.001754386,0.001754386,0.178232562
0.073482973,0.00055991,0.00055991,0.00055991,0.000559911
0.255309347,0.001594896,0.730123137,0.105227514,0.08468048
0.013869306,0.000720981,0.000720981,0.000720981,0.000720981
0.001503759,0.062901579,0.000822368,0.000822368,0.000822369
0.002392345,0.095358989,0.000692521,0.070147248,0.000692521
0.051075295,0.00150376,0.050320523,0.001503759,0.001503759
0.001119821,0.138910039,0.002392345,0.002392345,0.002392345
0.176823491,0.087137666,0.188904331,0.000923361,0.000923361
0.00122399,0.001119821,0.001119821,0.001119821,0.001119821
0.021506415,0.039440991,0.000598086,0.000598086,0.000598086
0.05268013,0.00122399,0.00122399,0.126466172,0.00122399
0.141218931,0.000720981,0.000720981,0.000720981,0.08588523
0.001253133,0.000554017,0.12067093,0.000554017,0.000554017
0.000809717,0.068916065,0.000666223,0.000666223,0.000666223
0.000692521,0.001253133,0.186240993,0.001253133,0.001253133
0.022177974,0.000809717,0.000809717,0.000809717,0.000809717
0.012305151,0.040807905,0.066257608,0.000692521,0.000692521
0.000773994,0.05646964,0.395735864,0.000835422,0.000835422
0.000720981,0.000572082,0.000572082,0.000572082,0.000572082
0.000923361,0.000773994,0.147792525,0.000773994,0.000773994
0.001644737,0.000720981,0.152048456,0.000720981,0.046087245
0.081505548,0.000923361,0.000923361,0.000923361,0.214056691
0.063259789,0.001644737,0.001644737,0.001644737,0.14738229
0.000496524,0.064832541,0.467662298,0.066086613,0.000510986
0.011367516,0,0.309381753,0.103210713,0.000626566
0.001461988,0.000496524,0.400544822,0.150873354,0.108034021
0.000720981,0.000521105,0.394673112,0.029144957,0.000521105
0.000537057,0.001461988,0.076620831,0.001461988,0.001461988
0.000626566,0.000720981,0.518989908,0.000720981,0.000720981
0.160262597,0.000537057,0.698469849,0.000537057,0.000537057
0.001196172,0.000626566,0.686797439,0.07277719,0.000626566
0.001052632,0.000501253,0.578793522,0.030062989,0.000501253
0.000822368,0.028879752,0.489852647,0.001196172,0.001196172
0.000923361,0.001052632,0.567193576,0.001052632,0.001052632
0.001253133,0.000822369,0.519115378,0.000822368,0.000822368
0.001422475,0.000923361,0.051446325,0.000923361,0.000923361
0.001169591,0.141654139,0.001253133,0.001253133,0.042047529
0.000785546,0.046159512,0.001422475,0.001422475,0.001422475
0.001052632,0.154281001,0.001169591,0.001169591,0.077100444
0.015999616,0.000785546,0.000785546,0.000785546,0.000785546
0.00075188,0.093638597,0.001052632,0.022246446,0.001052632
0.001283697,0.000785546,0.000785546,0.018681389,0.058517047
0.029093276,0.00075188,0.467254262,0.028150855,0.00075188
0.043765237,0.044506533,0.331662029,0.001283697,0.001283697
0.000923361,0.000584795,0.555360698,0.000626566,0.073942514
0.002392344,0.001697793,0.028205207,0.000598086,0.045357328
0.039090563,0.002506266,0.240830165,0.000923361,0.02664166
0.000785546,0.183124932,0.002392345,0.002392345,0.002392345
0.00093985,0.035549837,0.412128828,0.000453721,0.049070616
0.000634115,0.001052632,0.311976488,0.025942866,0.076982339
0.001857793,0.001814882,0.00093985,0.00093985,0.00093985
0.002305266,0.001283697,0.103003176,0.037737364,0.279177136
0.011426316,0.001754386,0.001697793,0.001697793,0.001697793
0.000832777,0.00055991,0.001697793,0.069068992,0.001697793
0.001119632,0.001594896,0.000591366,0.000591366,0.069952515
0.001963882,0.000720981,0.050870785,0.029486601,0.245938391
0.104513493,0.062901579,0.060081693,0.044596941,0.001754386
0.001834386,0.095358989,0.130542352,0.000907441,0.000907441
0.00058891,0.00150376,0.004385965,0.004385965,0.164979592
0.001681896,0.138910039,0.002105263,0.048932904,0.002105263
0.074482973,0.087137666,0.002506266,0.002506266,0.002506266
0.256309347,0.001119821,0.001949318,0.001949318,0.001949318
0.014869306,0.039440991,0.001422475,0.001422475,0.313543
0.001563759,0.00122399,0.000584795,0.012295635,0.305987
0.002432345,0.000720981,0.001697793,0.001697793,0.000556
0.052075295,0.000554017,0.002506266,0.002506266,0.000667
0.001193821,0.068916065,0.010526316,0.010526316,0.437321
0.177823491,0.001253133,0.093680852,0.000762777,0.417167
0.00132899,0.000809717,0.001052632,0.001052632,0.326478
0.022506415,0.040807905,0.001814882,0.001814882,0.116987
0.05368013,0.05646964,0.001283697,0.001283697,0.100732
0.142218931,0.000572082,0.001754386,0.001754386,0.000778
0.001382133,0.000773994,0.00055991,0.00055991,0.426276
0.000889717,0.000720981,0.730123137,0.105227514,0.344537
0.000762521,0.000923361,0.000720981,0.000720981,0.001654
0.023177974,0.001644737,0.000822368,0.000822368,0.046782
0.013005151,0.064832541,0.000692521,0.070147248,0.070043
0.000832994,0.01456789,0.050320523,0.001503759,0.119244
0.000775981,0.000496524,0.002392345,0.002392345,0.073826
0.000992361,0.000521105,0.188904331,0.000923361,0.036391491
0.001734737,0.001461988,0.001119821,0.001119821,0.000584795
0.082505548,0.000720981,0.000598086,0.000598086,0.001697793
0.064259789,0.000537057,0.00122399,0.126466172,0.002506266
0.000628524,0.000626566,0.000720981,0.000720981,0.010526316
0.012467516,0.000501253,0.12067093,0.000554017,0.069486014
0.001579988,0.028879752,0.000666223,0.000666223,0.001052632
0.000799981,0.001052632,0.186240993,0.001253133,0.001814882
0.000592057,0.000822369,0.000809717,0.000809717,0.001283697
0.000689566,0.000923361,0.066257608,0.000692521,0.178232562
0.161262597,0.141654139,0.395735864,0.000835422,0.000559911
0.001248172,0.046159512,0.000572082,0.000572082,0.08468048
0.001112632,0.154281001,0.147792525,0.000773994,0.000720981
0.000895368,0.000785546,0.152048456,0.000720981,0.000822369
0.001003361,0.093638597,0.000923361,0.000923361,0.000692521
0.001382133,0.000785546,0.001644737,0.001644737,0.001503759
0.001542475,0.00075188,0.467662298,0.066086613,0.002392345
0.001278591,0.044506533,0.309381753,0.103210713,0.000923361
0.000858546,0.000584795,0.400544822,0.150873354,0.001119821
0.001123632,0.001697793,0.394673112,0.029144957,0.000598086
0.016389616,0.002506266,0.076620831,0.001461988,0.00122399
0.00080088,0.183124932,0.518989908,0.000720981,0.08588523
0.001403697,0.035549837,0.698469849,0.000537057,0.000554017
0.030093276,0.001052632,0.686797439,0.07277719,0.000666223
0.044765237,0.001814882,0.578793522,0.030062989,0.001253133
0.000992361,0.001283697,0.489852647,0.001196172,0.000809717
0.002472344,0.001754386,0.567193576,0.001052632,0.000692521
0.040090563,0.00055991,0.519115378,0.000822368,0.000835422
0.000785546,0.001594896,0.051446325,0.000923361,0.000572082
0.00093985,0.000720981,0.001253133,0.001253133,0.000773994
0.000634115,0.062901579,0.001422475,0.001422475,0.046087245
0.001119821,0.095358989,0.001169591,0.001169591,0.214056691
0.176823491,0.00150376,0.000785546,0.000785546,0.14738229
0.00122399,0.138910039,0.001052632,0.022246446,0.000510986
0.021506415,0.087137666,0.000785546,0.018681389,0.000626566
0.05268013,0.001119821,0.467254262,0.028150855,0.108034021
0.141218931,0.039440991,0.331662029,0.001283697,0.000521105
0.001253133,0.00122399,0.555360698,0.000626566,0.001461988
0.000809717,0.000720981,0.028205207,0.000598086,0.000720981
0.000692521,0.000554017,0.240830165,0.000923361,0.000537057
0.022177974,0.068916065,0.002392345,0.002392345,0.000626566
0.012305151,0.001253133,0.412128828,0.000453721,0.000501253
0.000773994,0.000809717,0.311976488,0.025942866,0.001196172
0.000720981,0.040807905,0.00093985,0.00093985,0.001052632
0.000923361,0.05646964,0.103003176,0.037737364,0.000822368
0.001644737,0.000572082,0.001697793,0.001697793,0.000923361
0.081505548,0.000773994,0.001697793,0.069068992,0.042047529
0.063259789,0.000720981,0.000591366,0.000591366,0.001422475
0.000496524,0.000923361,0.050870785,0.029486601,0.077100444
0.011367516,0.001644737,0.060081693,0.044596941,0.000785546
0.001461988,0.064832541,0.130542352,0.000907441,0.001052632
0.001119632,0,0.004385965,0.004385965,0.058517047
0.001963882,0.000496524,0.002105263,0.048932904,0.00075188
0.104513493,0.000521105,0.002506266,0.002506266,0.001283697
0.001834386,0.001461988,0.001949318,0.001949318,0.073942514
0.00058891,0.000720981,0.001422475,0.001422475,0.045357328
0.001681896,0.000537057,0.000584795,0.012295635,0.02664166
0.074482973,0.000626566,0.001697793,0.001697793,0.002392345
0.256309347,0.000501253,0.002506266,0.002506266,0.049070616
0.014869306,0.028879752,0.010526316,0.010526316,0.076982339
0.001563759,0.001052632,0.093680852,0.000762777,0.00093985
0.002432345,0.000822369,0.001052632,0.001052632,0.279177136
0.052075295,0.000923361,0.001814882,0.001814882,0.001697793
0.001193821,0.141654139,0.001283697,0.001283697,0.001697793
0.177823491,0.046159512,0.001754386,0.001754386,0.069952515
0.00132899,0.154281001,0.00055991,0.00055991,0.245938391
0.022506415,0.000785546,0.730123137,0.105227514,0.001754386
0.05368013,0.093638597,0.000720981,0.000720981,0.000907441
0.142218931,0.000785546,0.000822368,0.000822368,0.164979592
0.001382133,0.00075188,0.000692521,0.070147248,0.002105263
0.001957793,0.022345678,0.050320523,0.001503759,0.002506266
0.002705266,0.003456789,0.002392345,0.002392345,0.001949318
0.011626316,0.000123456,0.188904331,0.000923361,0.036391491
0.000912777,0.001234567,0.001119821,0.001119821,0.000584795
0.001192632,0.00056789,0.000598086,0.000598086,0.001697793
0.001914882,0.002345678,0.00122399,0.126466172,0.002506266
0.105513493,0.000987654,0.000720981,0.000720981,0.010526316
0.001904386,0.001678901,0.12067093,0.000554017,0.069486014
0.00061991,0.000345678,0.000666223,0.000666223,0.001052632
0.001764896,0.001901234,0.186240993,0.001253133,0.001814882
0.075482973,0.000678901,0.000809717,0.000809717,0.001283697
0.257309347,0.001789012,0.066257608,0.000692521,0.178232562
0.015869306,0.000456789,0.395735864,0.000835422,0.000559911
0.001623759,0.00156789,0.000572082,0.000572082,0.08468048
0.002472345,0.001890123,0.147792525,0.000773994,0.000720981
0.053075295,0.000234567,0.152048456,0.000720981,0.000822369
0.001263821,0.002345678,0.000923361,0.000923361,0.000692521
0.178823491,0.000901234,0.001644737,0.001644737,0.001503759
0.00143399,0.000123456,0.467662298,0.066086613,0.002392345
0.023506415,0.002345678,0.309381753,0.103210713,0.000923361
0.05468013,0.001234567,0.400544822,0.150873354,0.001119821
0.143218931,0.000890123,0.394673112,0.029144957,0.000598086
0.001503133,0.001234567,0.076620831,0.001461988,0.00122399
0.000969717,0.00056789,0.518989908,0.000720981,0.08588523
0.000832521,0.002345678,0.698469849,0.000537057,0.000554017
0.024177974,0.000987654,0.686797439,0.07277719,0.000666223
0.013805151,0.001678901,0.578793522,0.030062989,0.001253133
0.000882994,0.000345678,0.489852647,0.001196172,0.000809717
0.000829981,0.001901234,0.567193576,0.001052632,0.000692521
0.001062361,0.000678901,0.519115378,0.000822368,0.000835422
0.001824737,0.001789012,0.051446325,0.000923361,0.000572082
0.083505548,0.000456789,0.001253133,0.001253133,0.000773994
0.065259789,0.00156789,0.001422475,0.001422475,0.046087245
0.000727524,0.001890123,0.001169591,0.001169591,0.214056691
0.013567516,0.000234567,0.000785546,0.000785546,0.14738229
0.001693988,0.002345678,0.001052632,0.022246446,0.000510986
0.000822981,0.000901234,0.000785546,0.018681389,0.000626566
0.000607057,0.000123456,0.467254262,0.028150855,0.108034021
0.000660566,0.002345678,0.331662029,0.001283697,0.000521105
0.162262597,0.001234567,0.555360698,0.000626566,0.001461988
0.001317172,0.000890123,0.028205207,0.000598086,0.000720981
0.001192632,0.001234567,0.240830165,0.000923361,0.000537057
0.000936368,0.00056789,0.002392345,0.002392345,0.000626566
0.001042361,0.002345678,0.412128828,0.000453721,0.000501253
0.001323133,0.000987654,0.311976488,0.025942866,0.001196172
0.001602475,0.001678901,0.00093985,0.00093985,0.001052632
0.001248591,0.000345678,0.103003176,0.037737364,0.000822368
0.000927546,0.001901234,0.001697793,0.001697793,0.000923361
0.001032632,0.000678901,0.001697793,0.069068992,0.042047529
0.016799616,0.001789012,0.000591366,0.000591366,0.001422475
0.00085088,0.502392344,0.050870785,0.029486601,0.077100444
0.001363697,0.000453721,0.060081693,0.044596941,0.000785546
0.031093276,0.000785546,0.130542352,0.000907441,0.001052632
0.045765237,0.04952469,0.004385965,0.004385965,0.058517047
0.001062361,0.000634115,0.002105263,0.048932904,0.00075188
0.002552344,0.001697793,0.002506266,0.002506266,0.001283697
0.041090563,0.072893961,0.001949318,0.001949318,0.073942514
0.063259789,0.000591366,0.147792525,0.001697793,0.045357328
0.000496524,0.00131579,0.152048456,0.000591366,0.02664166
0.011367516,0.001754386,0.000923361,0.078667684,0.002392345
0.001461988,0.000907441,0.001644737,0.001754386,0.049070616
0.001119632,0.603129324,0.467662298,0.000907441,0.076982339
0.001963882,0.120195288,0.309381753,0.004385965,0.00093985
0.104513493,0.001594896,0.400544822,0.002105263,0.279177136
0.001834386,0.000720981,0.394673112,0.2515089,0.001697793
0.000936368,0.062901579,0.076620831,0.381926429,0.001697793
0.000442282,0.025753625,0.000442282,0.033554164,0.000442282
0.000993049,0.000993049,0.000993049,0.000993049,0.16204986
0.06432783,0.000542594,0.065217433,0.000542594,0.000542594
0.001949318,0.4116953,0.001949318,0.001949318,0.137381455
0.051430093,0.000501253,0.000501253,0.000501253,0.000501253
0.083632936,0.000666223,0.000666223,0.000666223,0.000666223
0.257110152,0.14386315,0.019127457,0.000809717,0.000809717
0.001385042,0.029882293,0.11372631,0.001385042,0.001385042
0.001461988,0.001461988,0.001461988,0.02950651,0.001461989
0.001349528,0.001349528,0.001349528,0.001349528,0.327630088
0.020010994,0.000956938,0.654830915,0.000956938,0.000956938
0.143829442,0.000923361,0.000923361,0.000923361,0.048946143
0.020903067,0.000666223,0.336017823,0.038020281,0.039756815
0.066112698,0.002192983,0.002192982,0.002192982,0.344997334
0.003759399,0.003759399,0.003759399,0.003759399,0.003759399
0.007518797,0.578947363,0.007518797,0.007518797,0.007518797
0.00228833,0.00228833,0.00228833,0.00228833,0.226873908
0.000956938,0.041296192,0.000956938,0.090118637,0.362185662
0.00228833,0.634998363,0.00228833,0.00228833,0.00228833
0.055046543,0.001503759,0.001503759,0.001503759,0.150441329
0.001315789,0.00131579,0.001315789,0.001315789,0.37289963
0.001422475,0.031376974,0.001422475,0.001422475,0.375788779
0.003508772,0.003508772,0.003508772,0.003508772,0.125152375
0.003289474,0.003289474,0.003289474,0.074973337,0.003289474
0.002923977,0.114470296,0.002923977,0.002923977,0.002923977
0.019387534,0.000907441,0.000907441,0.076869731,0.000907441
0.000848896,0.052314796,0.000848896,0,0.518128509
0.000862813,0.14620062,0.000862813,0.000862813,0.000862813
0.003759398,0.003759398,0.003759399,0.061754092,0.141278368
0.080981441,0.004048583,0.004048583,0.004048583,0.004048583
0.094126877,0.002770083,0,0.002770083,0.594670985
0.003095975,0.003095975,0.003095975,0.132645591,0.003095975
0.002105263,0.002105263,0.002105263,0.192988033,0.444114963
0.00228833,0.00228833,0.00228833,0.00228833,0.108317755
0.002631579,0.111304313,0.002631579,0.002631579,0.002631579
0.001814882,0.001814882,0.001814882,0.001814882,0.001814882
0.01233504,0.000482859,0.000482859,0.000482859,0.000482859
0.001052632,0.040218473,0.257221625,0.001052632,0.293900274
0.001594896,0.001594896,0.273226463,0.001594896,0.553821957
0.001283697,0.34796956,0.001283697,0.029959609,0.130221007
0.001074114,0.001074114,0.001074114,0.060264306,0.188855383
0.000521105,0.024244364,0.718778823,0.000521105,0.045623002
0.001169591,0.001169591,0.001169591,0.001169591,0.343523005
0.001169591,0.001169591,0.001169591,0.001169591,0.001169591
0.003508776,0.003508772,0.003508772,0.003508772,0.003508772
0.002506266,0.002506266,0.002506266,0.002506266,0.353502232
0.000974659,0.000974659,0.36789183,0.000974659,0.000974659
0.001949318,0.098753185,0.001949318,0.001949318,0.314019344
0.02527827,0.06284492,0.061322641,0.000974659,0.568393589
0.001169591,0.112370312,0.001169591,0.001169591,0.517221398
0.000993049,0.08446758,0.519845007,0.000993049,0.000993049
0.001814882,0.001814882,0.001814882,0.001814882,0.001814882
0.103513493,0.001283697,0.001283697,0.001283697,0.124119439
0.001754386,0.001754386,0.001754386,0.001754386,0.398151199
0.00055991,0.00055991,0.00055991,0.00055991,0.00055991
0.001594896,0.001594896,0.730123137,0.105227514,0.001594896
0.073482973,0.000720981,0.000720981,0.000720981,0.000720981
0.255309347,0.062901579,0.000822368,0.000822368,0.000822368
0.013869306,0.095358989,0.000692521,0.070147248,0.458385193
0.001503759,0.00150376,0.050320523,0.001503759,0.001503759
0.002392345,0.138910039,0.002392345,0.002392345,0.002392345
0.051075295,0.087137666,0.188904331,0.000923361,0.000923361
0.001119821,0.001119821,0.001119821,0.001119821,0.001119821
0.176823491,0.039440991,0.000598086,0.000598086,0.000598086
0.00122399,0.00122399,0.00122399,0.126466172,0.00122399
0.00093985,0.04952469,0.00093985,0.00093985,0.285795021
0.000634115,0.000634115,0.103003176,0.037737364,0.031183485
0.001697793,0.001697793,0.001697793,0.001697793,0.087184479
0.064413802,0.072893961,0.001697793,0.069068992,0.08728007
0.000591366,0.000591366,0.000591366,0.000591366,0.000591366
0.001315789,0.00131579,0.050870785,0.029486601,0.00131579
0.001754386,0.001754386,0.060081693,0.044596941,0.001754386
0.020292175,0.000907441,0.130542352,0.000907441,0.000907441
0.004385965,0.603129324,0.004385965,0.004385965,0.004385965
0.002105263,0.120195288,0.002105263,0.048932904,0.002105263
0.002506266,0.316349552,0.002506266,0.002506266,0.080952823
0.002105263,0.002105263,0.002105263,0.044366434,0.002105263
0.000974659,0.124927809,0.000974659,0.054193459,0.000974659
0.020874416,0.026323494,0.000572082,0.000572082,0.000572082
0.061619261,0.001422475,0.001422475,0.031564084,0.001422475
0.000604961,0.000604961,0.000604961,0.000604961,0.000604961
0.002770083,0.002770083,0.002770083,0.060837845,0.208701018
0.063798069,0.000835422,0.000835422,0.000835422,0.650909874
0.000848896,0.000848896,0.000848896,0.000848896,0.000848896
0.00228833,0.00228833,0.00228833,0.00228833,0.092799821
0.003095975,0.003095975,0.003095975,0.003095975,0.003095975
0.001119821,0.001119821,0.001119821,0.02280193,0.595209469
0.028737881,0.001422475,0.147447769,0.001422475,0.001422475
0.000923361,0.030131038,0.160410395,0.000923361,0.000923361
0.001594897,0.001594896,0.001594896,0.001594896,0.001594896
0.00131579,0.127345624,0.001315789,0.00131579,0.040358853
0.000785546,0.000785546,0.000785546,0.039901191,0.053447334
0.000974659,0.000974659,0.000974659,0.000974659,0.035328388
0.12576898,0.038134715,0.119944112,0.026125358,0.308461582
0.03129128,0.001547988,0.001547988,0.111864053,0.001547988
0.001096491,0.435728509,0.001096491,0.123530775,0.001096491
0.001119821,0.001119821,0.001119821,0.001119821,0.115503057
0.058534975,0.001547988,0.001547988,0.060820513,0.001547988
0.00093985,0.035549837,0.412128828,0.000453721,0.049070616
0.000634115,0.001052632,0.311976488,0.025942866,0.076982339
0.001857793,0.001814882,0.00093985,0.00093985,0.00093985
0.002305266,0.001283697,0.103003176,0.037737364,0.279177136
0.011426316,0.001754386,0.001697793,0.001697793,0.001697793
0.000832777,0.00055991,0.001697793,0.069068992,0.001697793
0.380773062,0.000598086,0.001879699,0.000730994,0.037531044
0.253175972,0.000572082,0.001119821,0.001814882,0.024362695
0.074184607,0.000711238,0.001385042,0.000604961,0.034502466
0.001144165,0.00228833,0.00074129,0.027357333,0.03853109
0.001547988,0.000892061,0.002024292,0.000773994,0.001119821
0.100335265,0.000797448,0.000923361,0.000506073,0.001385042
0.001253133,0.000956938,0.161545358,0.10764715,0.00074129
0.001594897,0.001461988,0.001144165,0.00074129,0.002024292
0.294696143,0.080103184,0.001547988,0.01943224,0.000923361
0.103117169,0.001315789,0.104651437,0.000598086,0.103212187
0.000892061,0.022988385,0.001253133,0.000572082,0.001144165
0.00228833,0.001879699,0.104551839,0.000711238,0.001547988
0.178419149,0.001594896,0.002392345,0.00228833,0.064217877
0.113660852,0.002770083,0.146171456,0.000892061,0.001253133
0.00131579,0.002392345,0.000892061,0.073018956,0.001594896
0.203534428,0.000591366,0.00228833,0.000956938,0.002392345
0.001052632,0.071985241,0.001283697,0.024662566,0.001253133
0.00131579,0.001012146,0.051981711,0.000862813,0.134217693
0.000730994,0.056320187,0.284974649,0.00131579,0.039759124
0.086975037,0.070680132,0.001644737,0.053730594,0.001283697
0.102561198,0.001119821,0.001052632,0.001879699,0.05827078
0.001814882,0.153040253,0.00131579,0.001594896,0.001315789
0.002024292,0.001096491,0.000730994,0.002770083,0.001644737
0.07191917,0.02739426,0.001052632,0.002392344,0.001052632
0.000773994,0.001169591,0.000956938,0.000591366,0.051772784
0.171136498,0.000809717,0.001814882,0.003508772,0.000730994
0.073470937,0.055670556,0.096531031,0.039942893,0.001052632
0.002105263,0.001169591,0.000877193,0.000619195,0.000956938
0.00228833,0.00122399,0.132635155,0.099205284,0.115562249
0.028050629,0.00093985,0.166559758,0.001119821,0.141043578
0.027288406,0.000797448,0.000674764,0.001349528,0.000877193
0.001031992,0.001754386,0.002105263,0.001096491,0.045599544
0.00122399,0.001052632,0.075055406,0.001096491,0.000797448
0.130678483,0.001012146,0.00093985,0.001169591,0.031289567
0.000649773,0.000822368,0.000892061,0.000809717,0.002105263
0.002923977,0.062944899,0.111211086,0.132802314,0.00228833
0.001385042,0.001315789,0.07118368,0.001169591,0.00093985
0.040628506,0.000674764,0.38098572,0.00122399,0.048282934
0.001119821,0.001879699,0.000649773,0.00093985,0.02824349
0.000720981,0.001119821,0.002923977,0.000797448,0.00122399
0.001144165,0.001385042,0.47437528,0.001754386,0.00122399
0.000604961,0.00074129,0.000809717,0.001052632,0.000649773
0.263513653,0.002024292,0.001119821,0.001012146,0.002923977
0.003289474,0.000923361,0.000720981,0.000822369,0.001385042
0.141428697,0.001814882,0.001144165,0.002392345,0.000809717
0.001594896,0.120010264,0.000604961,0.001315789,0.001119821
0.000835422,0.063669143,0.469770441,0.109527882,0.000720981
0.000956938,0.001349528,0.003289474,0.001879699,0.001144165
0.00122399,0.001253133,0.001754386,0.001119821,0.024393337
0.086780749,0.001594896,0.001594896,0.001385042,0.000892061
0.000666223,0.002392345,0.000835422,0.032122015,0.003289474
0.000626566,0.001253133,0.198216455,0.002024292,0.024209132
0.100333917,0.085557025,0.112913586,0.000923361,0.001594896
0.002631579,0.00228833,0.097167505,0.001814882,0.04386004
0.000907441,0.001283697,0.000666223,0.001144165,0.000956938
0.035776426,0.001814882,0.055269014,0.001547988,0.027392832
0.001697793,0.00131579,0.003289474,0.043766327,0.00075188
0.003759399,0.053386264,0.002631579,0.001253133,0.000666223
0.001119821,0.001052632,0.077894806,0.106422346,0.000626566
0.001031992,0.00131579,0.001169591,0.002392345,0.003289474
0.000923361,0.000730994,0.001697793,0.001253133,0.002631579
0.003095975,0.001052632,0.003759399,0.035766501,0.000907441
0.257208781,0.000956938,0.001119821,0.00228833,0.001169591
0.002392345,0.001814882,0.327553344,0.001283697,0.001697793
0.232835857,0.002024292,0.000923361,0.03413982,0.003759399
0.360803549,0.000877193,0.111357126,0.001315789,0.001119821
0.002105263,0.036606625,0.178954542,0.001644737,0.030921184
0.003508772,0.000797448,0.002392345,0.001052632,0.000923361
0.000907441,0.000674764,0.001949318,0.104297198,0.003095975
0.242126771,0.165544944,0.002923977,0.124752447,0.001754386
0.039294133,0.00228833,0.484942126,0.001052632,0.002392344
0.00093985,0.00093985,0.003508772,0.020497777,0.069453227
0.001547988,0.000892061,0.021683931,0.001814882,0.002923977
0.001096491,0.001031992,0.000785546,0.002024292,0.002105263
0.001119821,0.00122399,0.000974659,0.000877193,0.003508772
0.001547988,0.00122399,0.00093985,0.075789026,0.000907441
0.00074129,0.000649773,0.001547988,0.000797448,0.000785546
0.002024292,0.002923977,0.001096491,0.000674764,0.000974659
0.000809717,0.001385042,0.313993523,0.002105263,0.00093985
0.000974659,0.000809717,0.001547988,0.00228833,0.055837018
0.001196172,0.001119821,0.23396089,0.019605626,0.001096491
0.000848896,0.000720981,0.002024292,0.000892061,0.001119821
0.061282432,0.001144165,0.000809717,0.088746369,0.049421931
0.003508772,0.000604961,0.112455916,0.153157165,0.040327105
0.001503759,0.000892061,0.001196172,0.00122399,0.074369864
0.004048583,0.003289474,0.049147272,0.000649773,0.096983632
0.001594896,0.001754386,0.498613987,0.002923977,0.000974659
0.110103588,0.001594897,0.003508772,0.001385042,0.030537508
0.001012146,0.000835422,0.001503759,0.000809717,0.09778624
0.000974659,0.000956938,0.004048583,0.001119821,0.001119821
0.000892061,0.195086756,0.255989658,0.000720981,0.003508772
0.115489625,0.00075188,0.001754386,0.001144165,0.027015533
0.237031902,0.183962462,0.270307095,0.069169218,0.004048583
0.00122399,0.026859979,0.421522418,0.000892061,0.001594896
0.000822368,0.144523679,0.306966304,0.003289474,0.123500965
0.031503446,0.159884608,0.354789212,0.001754386,0.001012146
0.000641849,0.172843755,0.344447262,0.044402406,0.095193393
0.000720981,0.08705795,0.00122399,0.000835422,0.000892061
0.000674764,0.001697793,0.079113244,0.040967528,0.032115662
0.001349528,0.003759399,0.241572622,0.00122399,0.001196172
0.000993049,0.001119821,0.061743941,0.00075188,0.209736297
0.00131579,0.001031992,0.050324795,0.074364843,0.059328635
0.002192983,0.047091366,0.000674764,0.013815447,0.000611995
0.235588039,0.003095975,0.001349528,0.003289474,0.000641849
0.359969554,0.001754386,0.219531207,0.102028393,0.028265066
0.041049637,0.002392344,0.00131579,0.000907441,0.000674764
0.001697793,0.001949318,0.390270526,0.024804004,0.075178737
0.000666223,0.002923977,0.002105263,0.001697793,0.000993049
0.001697793,0.002105263,0.109867711,0.003759399,0.00131579
0.002631579,0.003508772,0.133444568,0.406960543,0.041003242
0.001253133,0.000907441,0.001697793,0.001031992,0.002105263
0.119060999,0.000785546,0.000666223,0.019125045,0.000491884
0.001644737,0.000974659,0.001697793,0.003095975,0.001422475
0.159423116,0.019471799,0.002631579,0.001754386,0.001697793
0.020068163,0.001547988,0.001253133,0.04784689,0.0506921
0.001814882,0.001096491,0.116466859,0.001949318,0.08712514
0.061397853,0.001119821,0.001644737,0.002923977,0.101570398
0.044364337,0.001547988,0.000993049,0.002105263,0.001253133
0.001283697,0.00074129,0.162657968,0.071388492,0.000692521
0.241767241,0.002024292,0.101526107,0.000907441,0.001644737
0.137275939,0.000809717,0.002192983,0.104072801,0.026818015
0.082040289,0.000974659,0.162567889,0.000974659,0.000720981
0.086327837,0.079331142,0.232002959,0.023379636,0.001814882
0.012601624,0.035514065,0.001074114,0.001547988,0.002192982
0.000762777,0.001119821,0.001169591,0.051439532,0.000611995
0.001031992,0.003508772,0.374167451,0.103051506,0.053216841
0.001012146,0.00150376,0.364967863,0.032388112,0.056562376
0.001031992,0.004048584,0.38432939,0.010445055,0.001169591
0.337665551,0.001594896,0.140108021,0.002024292,0.047159474
0.000478469,0.001754386,0.277628616,0.000809717,0.00122399
0.046148039,0.001012146,0.085004684,0.000974659,0.000526316
0.01331769,0.000974659,0.191876364,0.039293295,0.000762777
0.000674764,0.000892061,0.002770083,0.000848896,0.001031992
0.000657895,0.000993049,0.079704397,0.001119821,0.06808099
0.101216219,0.001196172,0.089131138,0.003508772,0.001031992
0.061427414,0.00122399,0.037501632,0.001503759,0.002770083
0.001096491,0.000822368,0.098777582,0.004048583,0.129744231
0.274297874,0.016772878,0.027368511,0.001594896,0.000822368
0.002192983,0.000641849,0.060674148,0.001754386,0.000434972
0.380737587,0.000720981,0.494390369,0.001012146,0.034543512
0.002631579,0.000674764,0.491089829,0.000974659,0.000657895
0.000657895,0.001349528,0.374488334,0.000892061,0.000797448
0.000389864,0.167088618,0.54648851,0.000993049,0.000537057
0.001594896,0.00131579,0.08010105,0.001196172,0.001096491
0.000657895,0.002192982,0.323390538,0.00122399,0.002506266
0.03934521,0.197031465,0.13604611,0.000822368,0.002192982
0.000449843,0.000491884,0.360922633,0.060270494,0.001594896
0.120854679,0.162737399,0.001594896,0.013656011,0.002631579
0.066286669,0.001697793,0.000657895,0.000720981,0.000657895
0.087431834,0.000666223,0.000848896,0.051825714,0.000389864
0.000641849,0.23907496,0.192730213,0.001349528,0.029081141
0.002770083,0.002631579,0.001283697,0.065333417,0.000657895
0.00093985,0.001253133,0.000487329,0.001315789,0.000848896
0.001283697,0.000692521,0.000626566,0.002192982,0.02382722
0.176171349,0.001644737,0.166684207,0.002105263,0.001283697
0.123397172,0.159797526,0.002770083,0.000491884,0.00048733
0.244216559,0.168126909,0.143266956,0.100328421,0.029159624
0.006578948,0.001814882,0.443204099,0.001697793,0.000641849
0.000578369,0.002192983,0.001096491,0.000666223,0.002770083
0.324179255,0.000611995,0.000584795,0.001697793,0.055552342
0.003508772,0.001283697,0.054582772,0.002631579,0.001283697
0.340278544,0.001074114,0.006578947,0.085092629,0.035255239
0.001461988,0.001169591,0.386529417,0.000692521,0.000584795
0.013157895,0.001422475,0.368414692,0.001644737,0.060642813
0.10768251,0.00122399,0.003508772,0.041275304,0.006578947
0.000773994,0.000526316,0.320927015,0.29719492,0.000578369
0.001644737,0.066308568,0.001461988,0.080507472,0.001461988
0.000565931,0.001031992,0.013157895,0.002192982,0.003508772
0.000431406,0.001012146,0.001697793,0.000611995,0.001144165
0.002192983,0.001031992,0.000773994,0.001283697,0.041167597
0.000848896,0.002770083,0.14809061,0.001074114,0.013157895
0.001814882,0.074032537,0.289421045,0.001169591,0.001697793
0.001754386,0.000822368,0.000431406,0.001422475,0.131139076
0.00131579,0.000434972,0.002192983,0.00122399,0.001644737
0.056581317,0.000674764,0.417118705,0.000526316,0.000565931
0.061306151,0.066023595,0.001814882,0.000762777,0.019562151
0.001949318,0.000797448,0.59094642,0.001031992,0.002192982
0.00075188,0.000537057,0.155316068,0.001012146,0.029456822
0.337402565,0.001096491,0.001144165,0.001031992,0.001814882
0.071365163,0.002506266,0.126106979,0.002770083,0.001754386
0.045777943,0.002192982,0.64939156,0.145354345,0.001315789
0.000974659,0.001594896,0.045161796,0.000822368,0.021410924
0.000572082,0.002631579,0.005847954,0.026180721,0.081080731
0.001422475,0.106175069,0.029213247,0.274252017,0.001949318
0.000604961,0.000389864,0.552155215,0.000657895,0.237525683
0.002770083,0.001594896,0.381802578,0.000797448,0.005847953
0.000835422,0.000657895,0.448500803,0.000537057,0.301523461
0.000848896,0.000848897,0.365509326,0.001096491,0.002105263
0.387402102,0.000449843,0.109502915,0.002506266,0.000974659
0.003095975,0.001283697,0.002770083,0.002192982,0.000572082
0.001119821,0.000487329,0.000835422,0.001594896,0.001422475
0.119454796,0.000626566,0.119499693,0.002631579,0.045008142
0.277215123,0.000641849,0.00228833,0.03839857,0.002770083
0.002392345,0.16066482,0.727032025,0.000389864,0.000835422
0.001144165,0.00093985,0.097742645,0.001594896,0.24158378
0.001697793,0.001283697,0.144787475,0.000657895,0.00228833
0.112886787,0.023718278,0.332841883,0.020645269,0.003095975
0.035163754,0.000584795,0.305891454,0.000449843,0.001119821
0.001052632,0.000773994,0.747200848,0.001283697,0.001422475
0.06283165,0.006578947,0.307693696,0.000487329,0.000923361
0.083755486,0.000578369,0.333169328,0.000626566,0.002392345
0.090902434,0.001461988,0.038095538,0.154677066,0.001144165
0.116130994,0.003508772,0.537197055,0.47807824,0.001697793
0.117952898,0.001144165,0.411089035,0.00093985,0.044006211
0.000892061,0.001461988,0.565349976,0.001283697,0.000683527
0.000449843,0.013157895,0.41801211,0.001096491,0.001052632
0.000923361,0.001697793,0.293226053,0.000584795,0.000974659
0.000501253,0.073234969,0.358887409,0.000773994,0.030338257
0.029274542,0.001644737,0.000892061,0.006578948,0.000956938
0.13131516,0.000565931,0.000449843,0.000578369,0.001223991
0.226806714,0.120133528,0.072148807,0.001461988,0.038353592
0.293832849,0.002192982,0.033547569,0.003508773,0.000892061
0.057746069,0.000848896,0.556998082,0.001144165,0.057038069
0.279994084,0.153167071,0.514892457,0.001461988,0.000923361
0.180964309,0.001754386,0.463384871,0.013157895,0.078450576
0.000584795,0.001315789,0.313804388,0.001697793,0.000923361
0.001253133,0.001144165,0.107034987,0.000773994,0.118875033
0.071205776,0.001644737,0.135820157,0.001644737,0.001461989
0.049807381,0.001949318,0.501974079,0.034978634,0.001169591
0.072807307,0.025791145,0.442050383,0.000431406,0.001031992
0.001283697,0.005847953,0.201998988,0.048503716,0.001644737
0.000565931,0.000822368,0.226013766,0.000848896,0.017090723
0.00150376,0.002105263,0.466728336,0.001814882,0.029116347
0.000809717,0.024279529,0.156809468,0.001754386,0.001253133
0.000797448,0.000572082,0.499710004,0.001315789,0.002105263
0.061109441,0.001422475,0.019957012,0.001144165,0.000701754
0.000491884,0.342659768,0.31297497,0.065638005,0.001031992
0.175407185,0.002770083,0.292141749,0.001949318,0.001283697
0.229533611,0.053013074,0.338162901,0.00075188,0.000565931
0.001074114,0.000848896,0.302047002,0.005847953,0.06089423
0.000848897,0.00228833,0.430092714,0.000822368,0.025617077
0.001196172,0.003095975,0.000762777,0.002105263,0.038175387
0.163478118,0.080581272,0.413304948,0.042394137,0.000591366
0.12323254,0.001422475,0.317060055,0.000572082,0.039602216
0.037293385,0.000923361,0.33391718,0.001422475,0.067125869
0.000584795,0.002392344,0.364133741,0.000604961,0.033707278
0.110118903,0.001144165,0.337478829,0.27204151,0.001074114
0,0.001697793,0.314578873,0.000835422,0.000848896
0.059019213,0.000862813,0.534031195,0.000848896,0.001196172
0.00122399,0.000683527,0.361061808,0.046670447,0.000862813
0.00131579,0.001052632,0.432620559,0.003095975,0.001949318
0.004048583,0.000974659,0.330426549,0.001119821,0.001012146
0.001949318,0.000491884,0.137275564,0.001422475,0.000584795
0.051072338,0.000956938,0.488574232,0.021695597,0.001169591
0.001697793,0.00122399,0.490034718,0.002392345,0.002770083
0.129219048,0.044224885,0.680242868,0.001144165,0.000974659
0.079544766,0.000892061,0.404580148,0.001697793,0.06672749
0.171964878,0.000449843,0.199543547,0.000862813,0.00131579
0.001814882,0.000923361,0.001697793,0.000683527,0.004048583
0.001253133,0.000501253,0.063065512,0.001052632,0.001949318
